over_bucket,wickets_bucket,run_pressure_bucket,elo_diff_bucket,sample_size,batting_team_wins,win_probability,standard_error,ci_lower_95,ci_upper_95,final_stabilized_probability,fallback_level
1-3,0-1,first_innings,moderate_advantage,696,364,0.523,0.018932,0.4859,0.5601,0.523,1
1-3,0-1,first_innings,moderate_disadvantage,717,333,0.4644,0.018625,0.4279,0.5009,0.4644,1
1-3,0-1,first_innings,neutral,926,398,0.4298,0.016268,0.3979,0.4617,0.4298,1
1-3,0-1,first_innings,strong_advantage,426,219,0.5141,0.024215,0.4666,0.5616,0.5141,1
1-3,0-1,first_innings,strong_disadvantage,392,166,0.4235,0.024956,0.3746,0.4724,0.4235,1
1-3,0-1,high,moderate_advantage,236,113,0.4788,0.032518,0.4151,0.5425,0.4788,1
1-3,0-1,high,moderate_disadvantage,219,98,0.4475,0.0336,0.3816,0.5134,0.4475,1
1-3,0-1,high,neutral,259,137,0.529,0.031016,0.4682,0.5898,0.529,1
1-3,0-1,high,strong_advantage,130,81,0.6231,0.042503,0.5398,0.7064,0.6231,1
1-3,0-1,high,strong_disadvantage,120,52,0.4333,0.045236,0.3446,0.522,0.4333,1
1-3,0-1,low,moderate_advantage,108,75,0.6944,0.044327,0.6075,0.7813,0.6944,1
1-3,0-1,low,moderate_disadvantage,109,75,0.6881,0.044373,0.6011,0.7751,0.6881,1
1-3,0-1,low,neutral,162,125,0.7716,0.032983,0.707,0.8362,0.7716,1
1-3,0-1,low,strong_advantage,55,37,0.6727,0.063271,0.5487,0.7967,0.6727,1
1-3,0-1,low,strong_disadvantage,71,47,0.662,0.056138,0.552,0.772,0.662,1
1-3,0-1,neutral,moderate_advantage,142,99,0.6972,0.038558,0.6216,0.7728,0.6972,1
1-3,0-1,neutral,moderate_disadvantage,143,86,0.6014,0.040943,0.5212,0.6816,0.6014,1
1-3,0-1,neutral,neutral,174,105,0.6034,0.037086,0.5307,0.6761,0.6034,1
1-3,0-1,neutral,strong_advantage,76,57,0.75,0.04967,0.6526,0.8474,0.75,1
1-3,0-1,neutral,strong_disadvantage,79,48,0.6076,0.054936,0.4999,0.7153,0.6076,1
1-3,0-1,very_high,moderate_advantage,185,79,0.427,0.036367,0.3557,0.4983,0.427,1
1-3,0-1,very_high,moderate_disadvantage,158,64,0.4051,0.039055,0.3286,0.4816,0.4051,1
1-3,0-1,very_high,neutral,223,96,0.4305,0.033157,0.3655,0.4955,0.4305,1
1-3,0-1,very_high,strong_advantage,95,31,0.3263,0.048104,0.232,0.4206,0.3263,1
1-3,0-1,very_high,strong_disadvantage,96,29,0.3021,0.046864,0.2102,0.394,0.3021,1
1-3,0-1,very_low,moderate_advantage,47,39,0.8298,0.054817,0.7224,0.9372,0.823,2
1-3,0-1,very_low,moderate_disadvantage,30,18,0.6,0.089443,0.4247,0.7753,0.823,2
1-3,0-1,very_low,neutral,97,83,0.8557,0.035679,0.7858,0.9256,0.8557,1
1-3,0-1,very_low,strong_advantage,28,22,0.7857,0.077546,0.6337,0.9377,0.823,2
1-3,0-1,very_low,strong_disadvantage,41,38,0.9268,0.040678,0.8471,1.0,0.823,2
1-3,2-3,first_innings,moderate_advantage,39,11,0.2821,0.072061,0.1409,0.4233,0.3585,2
1-3,2-3,first_innings,moderate_disadvantage,50,20,0.4,0.069282,0.2642,0.5358,0.4,1
1-3,2-3,first_innings,neutral,72,25,0.3472,0.056107,0.2372,0.4572,0.3472,1
1-3,2-3,first_innings,strong_advantage,24,9,0.375,0.098821,0.1813,0.5687,0.3585,2
1-3,2-3,first_innings,strong_disadvantage,27,11,0.4074,0.09456,0.2221,0.5927,0.3585,2
1-3,2-3,high,moderate_advantage,17,3,0.1765,0.092465,0.0,0.3577,0.2941,2
1-3,2-3,high,moderate_disadvantage,25,5,0.2,0.08,0.0432,0.3568,0.2941,2
1-3,2-3,high,neutral,24,11,0.4583,0.101707,0.259,0.6576,0.2941,2
1-3,2-3,high,strong_advantage,8,5,0.625,0.171163,0.2895,0.9605,0.2941,2
1-3,2-3,high,strong_disadvantage,11,1,0.0909,0.086675,0.0,0.2608,0.2941,2
1-3,2-3,low,moderate_advantage,2,1,0.5,0.353553,0.0,1.0,0.3145,3
1-3,2-3,low,moderate_disadvantage,5,4,0.8,0.178885,0.4494,1.0,0.3145,3
1-3,2-3,low,neutral,4,3,0.75,0.216506,0.3256,1.0,0.3145,3
1-3,2-3,low,strong_advantage,4,2,0.5,0.25,0.01,0.99,0.3145,3
1-3,2-3,low,strong_disadvantage,3,3,1.0,0.0,1.0,1.0,0.3145,3
1-3,2-3,neutral,moderate_advantage,4,2,0.5,0.25,0.01,0.99,0.3145,3
1-3,2-3,neutral,moderate_disadvantage,10,5,0.5,0.158114,0.1901,0.8099,0.3145,3
1-3,2-3,neutral,neutral,14,7,0.5,0.133631,0.2381,0.7619,0.3145,3
1-3,2-3,neutral,strong_advantage,7,2,0.2857,0.170744,0.0,0.6204,0.3145,3
1-3,2-3,neutral,strong_disadvantage,8,3,0.375,0.171163,0.0395,0.7105,0.3145,3
1-3,2-3,very_high,moderate_advantage,23,2,0.087,0.058767,0.0,0.2022,0.1556,2
1-3,2-3,very_high,moderate_disadvantage,33,4,0.1212,0.056812,0.0098,0.2326,0.1556,2
1-3,2-3,very_high,neutral,42,9,0.2143,0.063316,0.0902,0.3384,0.1556,2
1-3,2-3,very_high,strong_advantage,17,6,0.3529,0.115901,0.1257,0.5801,0.1556,2
1-3,2-3,very_high,strong_disadvantage,20,0,0.0,0.0,0.0,0.0,0.1556,2
1-3,2-3,very_low,moderate_advantage,1,0,0.0,0.0,0.0,0.0,0.3145,3
1-3,2-3,very_low,moderate_disadvantage,1,1,1.0,0.0,1.0,1.0,0.3145,3
1-3,2-3,very_low,strong_disadvantage,1,1,1.0,0.0,1.0,1.0,0.3145,3
1-3,4-6,first_innings,moderate_disadvantage,1,1,1.0,0.0,1.0,1.0,0.5,4
1-3,4-6,first_innings,neutral,1,0,0.0,0.0,0.0,0.0,0.5,4
1-3,4-6,first_innings,strong_disadvantage,1,0,0.0,0.0,0.0,0.0,0.5,4
1-3,4-6,high,moderate_disadvantage,1,0,0.0,0.0,0.0,0.0,0.5,4
1-3,4-6,very_high,moderate_advantage,3,1,0.3333,0.272159,0.0,0.8667,0.5,4
1-3,4-6,very_high,moderate_disadvantage,1,0,0.0,0.0,0.0,0.0,0.5,4
11-15,0-1,first_innings,moderate_advantage,213,141,0.662,0.032411,0.5985,0.7255,0.662,1
11-15,0-1,first_innings,moderate_disadvantage,198,105,0.5303,0.035468,0.4608,0.5998,0.5303,1
11-15,0-1,first_innings,neutral,224,151,0.6741,0.031317,0.6127,0.7355,0.6741,1
11-15,0-1,first_innings,strong_advantage,134,93,0.694,0.03981,0.616,0.772,0.694,1
11-15,0-1,first_innings,strong_disadvantage,86,39,0.4535,0.053683,0.3483,0.5587,0.4535,1
11-15,0-1,high,moderate_advantage,27,23,0.8519,0.068358,0.7179,0.9859,0.7606,2
11-15,0-1,high,moderate_disadvantage,48,37,0.7708,0.060668,0.6519,0.8897,0.7606,2
11-15,0-1,high,neutral,35,26,0.7429,0.073872,0.5981,0.8877,0.7606,2
11-15,0-1,high,strong_advantage,13,10,0.7692,0.11686,0.5402,0.9982,0.7606,2
11-15,0-1,high,strong_disadvantage,19,12,0.6316,0.110663,0.4147,0.8485,0.7606,2
11-15,0-1,low,moderate_advantage,67,67,1.0,0.0,1.0,1.0,1.0,1
11-15,0-1,low,moderate_disadvantage,49,43,0.8776,0.046821,0.7858,0.9694,0.9646,2
11-15,0-1,low,neutral,78,75,0.9615,0.021785,0.9188,1.0,0.9615,1
11-15,0-1,low,strong_advantage,33,33,1.0,0.0,1.0,1.0,0.9646,2
11-15,0-1,low,strong_disadvantage,27,27,1.0,0.0,1.0,1.0,0.9646,2
11-15,0-1,neutral,moderate_advantage,47,38,0.8085,0.057395,0.696,0.921,0.8624,2
11-15,0-1,neutral,moderate_disadvantage,69,60,0.8696,0.040539,0.7901,0.9491,0.8696,1
11-15,0-1,neutral,neutral,30,25,0.8333,0.068047,0.6999,0.9667,0.8624,2
11-15,0-1,neutral,strong_advantage,15,15,1.0,0.0,1.0,1.0,0.8624,2
11-15,0-1,neutral,strong_disadvantage,28,25,0.8929,0.058441,0.7784,1.0,0.8624,2
11-15,0-1,very_high,moderate_advantage,1,1,1.0,0.0,1.0,1.0,0.7521,3
11-15,0-1,very_high,moderate_disadvantage,6,2,0.3333,0.192445,0.0,0.7105,0.7521,3
11-15,0-1,very_high,neutral,5,0,0.0,0.0,0.0,0.0,0.7521,3
11-15,0-1,very_high,strong_advantage,1,1,1.0,0.0,1.0,1.0,0.7521,3
11-15,0-1,very_high,strong_disadvantage,2,2,1.0,0.0,1.0,1.0,0.7521,3
11-15,0-1,very_low,moderate_advantage,50,50,1.0,0.0,1.0,1.0,1.0,1
11-15,0-1,very_low,moderate_disadvantage,20,20,1.0,0.0,1.0,1.0,1.0,2
11-15,0-1,very_low,neutral,59,59,1.0,0.0,1.0,1.0,1.0,1
11-15,0-1,very_low,strong_advantage,22,22,1.0,0.0,1.0,1.0,1.0,2
11-15,0-1,very_low,strong_disadvantage,24,24,1.0,0.0,1.0,1.0,1.0,2
11-15,2-3,first_innings,moderate_advantage,561,334,0.5954,0.020722,0.5548,0.636,0.5954,1
11-15,2-3,first_innings,moderate_disadvantage,592,331,0.5591,0.020406,0.5191,0.5991,0.5591,1
11-15,2-3,first_innings,neutral,846,399,0.4716,0.017163,0.438,0.5052,0.4716,1
11-15,2-3,first_innings,strong_advantage,411,220,0.5353,0.024602,0.4871,0.5835,0.5353,1
11-15,2-3,first_innings,strong_disadvantage,352,174,0.4943,0.026648,0.4421,0.5465,0.4943,1
11-15,2-3,high,moderate_advantage,186,93,0.5,0.036662,0.4281,0.5719,0.5,1
11-15,2-3,high,moderate_disadvantage,166,72,0.4337,0.038465,0.3583,0.5091,0.4337,1
11-15,2-3,high,neutral,222,141,0.6351,0.03231,0.5718,0.6984,0.6351,1
11-15,2-3,high,strong_advantage,134,74,0.5522,0.042957,0.468,0.6364,0.5522,1
11-15,2-3,high,strong_disadvantage,76,39,0.5132,0.057334,0.4008,0.6256,0.5132,1
11-15,2-3,low,moderate_advantage,80,72,0.9,0.033541,0.8343,0.9657,0.9,1
11-15,2-3,low,moderate_disadvantage,101,92,0.9109,0.028347,0.8553,0.9665,0.9109,1
11-15,2-3,low,neutral,175,161,0.92,0.020508,0.8798,0.9602,0.92,1
11-15,2-3,low,strong_advantage,70,67,0.9571,0.024219,0.9096,1.0,0.9571,1
11-15,2-3,low,strong_disadvantage,62,58,0.9355,0.031197,0.8744,0.9966,0.9355,1
11-15,2-3,neutral,moderate_advantage,136,100,0.7353,0.03783,0.6612,0.8094,0.7353,1
11-15,2-3,neutral,moderate_disadvantage,108,73,0.6759,0.045037,0.5876,0.7642,0.6759,1
11-15,2-3,neutral,neutral,180,143,0.7944,0.030123,0.7354,0.8534,0.7944,1
11-15,2-3,neutral,strong_advantage,74,55,0.7432,0.050785,0.6437,0.8427,0.7432,1
11-15,2-3,neutral,strong_disadvantage,81,61,0.7531,0.047912,0.6592,0.847,0.7531,1
11-15,2-3,very_high,moderate_advantage,109,39,0.3578,0.045914,0.2678,0.4478,0.3578,1
11-15,2-3,very_high,moderate_disadvantage,79,16,0.2025,0.045213,0.1139,0.2911,0.2025,1
11-15,2-3,very_high,neutral,119,28,0.2353,0.038885,0.1591,0.3115,0.2353,1
11-15,2-3,very_high,strong_advantage,52,5,0.0962,0.04089,0.0161,0.1763,0.0962,1
11-15,2-3,very_high,strong_disadvantage,59,3,0.0508,0.028588,0.0,0.1068,0.0508,1
11-15,2-3,very_low,moderate_advantage,50,50,1.0,0.0,1.0,1.0,1.0,1
11-15,2-3,very_low,moderate_disadvantage,46,46,1.0,0.0,1.0,1.0,1.0,2
11-15,2-3,very_low,neutral,65,65,1.0,0.0,1.0,1.0,1.0,1
11-15,2-3,very_low,strong_advantage,34,34,1.0,0.0,1.0,1.0,1.0,2
11-15,2-3,very_low,strong_disadvantage,46,46,1.0,0.0,1.0,1.0,1.0,2
11-15,4-6,first_innings,moderate_advantage,419,149,0.3556,0.023386,0.3098,0.4014,0.3556,1
11-15,4-6,first_innings,moderate_disadvantage,463,149,0.3218,0.021711,0.2792,0.3644,0.3218,1
11-15,4-6,first_innings,neutral,554,153,0.2762,0.018996,0.239,0.3134,0.2762,1
11-15,4-6,first_innings,strong_advantage,183,66,0.3607,0.035498,0.2911,0.4303,0.3607,1
11-15,4-6,first_innings,strong_disadvantage,235,72,0.3064,0.030072,0.2475,0.3653,0.3064,1
11-15,4-6,high,moderate_advantage,126,30,0.2381,0.037944,0.1637,0.3125,0.2381,1
11-15,4-6,high,moderate_disadvantage,126,43,0.3413,0.04224,0.2585,0.4241,0.3413,1
11-15,4-6,high,neutral,149,58,0.3893,0.039945,0.311,0.4676,0.3893,1
11-15,4-6,high,strong_advantage,53,26,0.4906,0.068668,0.356,0.6252,0.4906,1
11-15,4-6,high,strong_disadvantage,85,25,0.2941,0.049421,0.1972,0.391,0.2941,1
11-15,4-6,low,moderate_advantage,27,27,1.0,0.0,1.0,1.0,0.8283,2
11-15,4-6,low,moderate_disadvantage,19,12,0.6316,0.110663,0.4147,0.8485,0.8283,2
11-15,4-6,low,neutral,35,29,0.8286,0.063701,0.7037,0.9535,0.8283,2
11-15,4-6,low,strong_advantage,10,7,0.7,0.144914,0.416,0.984,0.8283,2
11-15,4-6,low,strong_disadvantage,8,7,0.875,0.116927,0.6458,1.0,0.8283,2
11-15,4-6,neutral,moderate_advantage,43,25,0.5814,0.075232,0.4339,0.7289,0.6298,2
11-15,4-6,neutral,moderate_disadvantage,48,24,0.5,0.072169,0.3585,0.6415,0.6298,2
11-15,4-6,neutral,neutral,57,43,0.7544,0.057013,0.6427,0.8661,0.7544,1
11-15,4-6,neutral,strong_advantage,19,13,0.6842,0.10664,0.4752,0.8932,0.6298,2
11-15,4-6,neutral,strong_disadvantage,14,9,0.6429,0.128057,0.3919,0.8939,0.6298,2
11-15,4-6,very_high,moderate_advantage,241,26,0.1079,0.019985,0.0687,0.1471,0.1079,1
11-15,4-6,very_high,moderate_disadvantage,237,25,0.1055,0.019955,0.0664,0.1446,0.1055,1
11-15,4-6,very_high,neutral,301,47,0.1561,0.02092,0.1151,0.1971,0.1561,1
11-15,4-6,very_high,strong_advantage,126,23,0.1825,0.03441,0.1151,0.2499,0.1825,1
11-15,4-6,very_high,strong_disadvantage,158,0,0.0,0.0,0.0,0.0,0.0,1
11-15,4-6,very_low,moderate_advantage,29,29,1.0,0.0,1.0,1.0,0.9868,2
11-15,4-6,very_low,moderate_disadvantage,22,21,0.9545,0.044431,0.8674,1.0,0.9868,2
11-15,4-6,very_low,neutral,14,14,1.0,0.0,1.0,1.0,0.9868,2
11-15,4-6,very_low,strong_advantage,1,1,1.0,0.0,1.0,1.0,0.9868,2
11-15,4-6,very_low,strong_disadvantage,10,10,1.0,0.0,1.0,1.0,0.9868,2
11-15,7+,first_innings,moderate_advantage,31,1,0.0323,0.031753,0.0,0.0945,0.0692,2
11-15,7+,first_innings,moderate_disadvantage,22,0,0.0,0.0,0.0,0.0,0.0692,2
11-15,7+,first_innings,neutral,38,2,0.0526,0.036213,0.0,0.1236,0.0692,2
11-15,7+,first_innings,strong_advantage,17,1,0.0588,0.057057,0.0,0.1706,0.0692,2
11-15,7+,first_innings,strong_disadvantage,22,5,0.2273,0.08935,0.0522,0.4024,0.0692,2
11-15,7+,high,moderate_disadvantage,8,0,0.0,0.0,0.0,0.0,0.0302,3
11-15,7+,high,neutral,9,1,0.1111,0.104752,0.0,0.3164,0.0302,3
11-15,7+,high,strong_advantage,4,0,0.0,0.0,0.0,0.0,0.0302,3
11-15,7+,low,strong_advantage,4,0,0.0,0.0,0.0,0.0,0.0302,3
11-15,7+,neutral,moderate_disadvantage,2,0,0.0,0.0,0.0,0.0,0.0302,3
11-15,7+,neutral,neutral,1,0,0.0,0.0,0.0,0.0,0.0302,3
11-15,7+,very_high,moderate_advantage,36,0,0.0,0.0,0.0,0.0,0.0049,2
11-15,7+,very_high,moderate_disadvantage,52,0,0.0,0.0,0.0,0.0,0.0,1
11-15,7+,very_high,neutral,81,1,0.0123,0.012247,0.0,0.0363,0.0123,1
11-15,7+,very_high,strong_advantage,9,0,0.0,0.0,0.0,0.0,0.0049,2
11-15,7+,very_high,strong_disadvantage,28,0,0.0,0.0,0.0,0.0,0.0049,2
16-20,0-1,first_innings,moderate_advantage,32,18,0.5625,0.087695,0.3906,0.7344,0.7266,2
16-20,0-1,first_innings,moderate_disadvantage,34,21,0.6176,0.083344,0.4542,0.781,0.7266,2
16-20,0-1,first_innings,neutral,44,40,0.9091,0.043337,0.8242,0.994,0.7266,2
16-20,0-1,first_innings,strong_advantage,18,15,0.8333,0.087848,0.6611,1.0,0.7266,2
16-20,0-1,first_innings,strong_disadvantage,11,7,0.6364,0.145038,0.3521,0.9207,0.7266,2
16-20,0-1,high,moderate_disadvantage,2,2,1.0,0.0,1.0,1.0,0.8445,3
16-20,0-1,high,neutral,1,0,0.0,0.0,0.0,0.0,0.8445,3
16-20,0-1,high,strong_advantage,1,1,1.0,0.0,1.0,1.0,0.8445,3
16-20,0-1,high,strong_disadvantage,1,0,0.0,0.0,0.0,0.0,0.8445,3
16-20,0-1,low,moderate_advantage,12,12,1.0,0.0,1.0,1.0,0.8445,3
16-20,0-1,low,moderate_disadvantage,11,11,1.0,0.0,1.0,1.0,0.8445,3
16-20,0-1,low,neutral,1,1,1.0,0.0,1.0,1.0,0.8445,3
16-20,0-1,low,strong_advantage,3,3,1.0,0.0,1.0,1.0,0.8445,3
16-20,0-1,low,strong_disadvantage,7,5,0.7143,0.170744,0.3796,1.0,0.8445,3
16-20,0-1,neutral,moderate_advantage,4,4,1.0,0.0,1.0,1.0,0.8445,3
16-20,0-1,neutral,moderate_disadvantage,6,6,1.0,0.0,1.0,1.0,0.8445,3
16-20,0-1,neutral,neutral,3,1,0.3333,0.272159,0.0,0.8667,0.8445,3
16-20,0-1,neutral,strong_advantage,1,1,1.0,0.0,1.0,1.0,0.8445,3
16-20,0-1,neutral,strong_disadvantage,3,3,1.0,0.0,1.0,1.0,0.8445,3
16-20,0-1,very_low,moderate_advantage,28,28,1.0,0.0,1.0,1.0,1.0,2
16-20,0-1,very_low,moderate_disadvantage,18,18,1.0,0.0,1.0,1.0,1.0,2
16-20,0-1,very_low,neutral,18,18,1.0,0.0,1.0,1.0,1.0,2
16-20,0-1,very_low,strong_advantage,12,12,1.0,0.0,1.0,1.0,1.0,2
16-20,0-1,very_low,strong_disadvantage,12,12,1.0,0.0,1.0,1.0,1.0,2
16-20,2-3,first_innings,moderate_advantage,277,207,0.7473,0.02611,0.6961,0.7985,0.7473,1
16-20,2-3,first_innings,moderate_disadvantage,290,161,0.5552,0.029182,0.498,0.6124,0.5552,1
16-20,2-3,first_innings,neutral,332,184,0.5542,0.027279,0.5007,0.6077,0.5542,1
16-20,2-3,first_innings,strong_advantage,203,119,0.5862,0.034568,0.5184,0.654,0.5862,1
16-20,2-3,first_innings,strong_disadvantage,147,74,0.5034,0.041238,0.4226,0.5842,0.5034,1
16-20,2-3,high,moderate_advantage,25,17,0.68,0.093295,0.4971,0.8629,0.7348,2
16-20,2-3,high,moderate_disadvantage,32,22,0.6875,0.081938,0.5269,0.8481,0.7348,2
16-20,2-3,high,neutral,40,31,0.775,0.066026,0.6456,0.9044,0.7348,2
16-20,2-3,high,strong_advantage,17,13,0.7647,0.10288,0.5631,0.9663,0.7348,2
16-20,2-3,high,strong_disadvantage,18,14,0.7778,0.097987,0.5857,0.9699,0.7348,2
16-20,2-3,low,moderate_advantage,43,42,0.9767,0.023005,0.9316,1.0,0.965,2
16-20,2-3,low,moderate_disadvantage,50,47,0.94,0.033586,0.8742,1.0,0.94,1
16-20,2-3,low,neutral,63,61,0.9683,0.022073,0.925,1.0,0.9683,1
16-20,2-3,low,strong_advantage,21,21,1.0,0.0,1.0,1.0,0.965,2
16-20,2-3,low,strong_disadvantage,23,22,0.9565,0.042533,0.8731,1.0,0.965,2
16-20,2-3,neutral,moderate_advantage,37,29,0.7838,0.067675,0.6512,0.9164,0.9009,2
16-20,2-3,neutral,moderate_disadvantage,24,22,0.9167,0.056407,0.8061,1.0,0.9009,2
16-20,2-3,neutral,neutral,25,25,1.0,0.0,1.0,1.0,0.9009,2
16-20,2-3,neutral,strong_advantage,15,15,1.0,0.0,1.0,1.0,0.9009,2
16-20,2-3,neutral,strong_disadvantage,10,9,0.9,0.094868,0.7141,1.0,0.9009,2
16-20,2-3,very_high,moderate_advantage,16,10,0.625,0.121031,0.3878,0.8622,0.3429,2
16-20,2-3,very_high,moderate_disadvantage,25,8,0.32,0.093295,0.1371,0.5029,0.3429,2
16-20,2-3,very_high,neutral,23,7,0.3043,0.09594,0.1163,0.4923,0.3429,2
16-20,2-3,very_high,strong_advantage,17,6,0.3529,0.115901,0.1257,0.5801,0.3429,2
16-20,2-3,very_high,strong_disadvantage,24,5,0.2083,0.082893,0.0458,0.3708,0.3429,2
16-20,2-3,very_low,moderate_advantage,56,56,1.0,0.0,1.0,1.0,1.0,1
16-20,2-3,very_low,moderate_disadvantage,95,93,0.9789,0.014745,0.95,1.0,0.9789,1
16-20,2-3,very_low,neutral,119,118,0.9916,0.008366,0.9752,1.0,0.9916,1
16-20,2-3,very_low,strong_advantage,48,47,0.9792,0.020599,0.9388,1.0,0.989,2
16-20,2-3,very_low,strong_disadvantage,47,47,1.0,0.0,1.0,1.0,0.989,2
16-20,4-6,first_innings,moderate_advantage,670,321,0.4791,0.0193,0.4413,0.5169,0.4791,1
16-20,4-6,first_innings,moderate_disadvantage,677,332,0.4904,0.019213,0.4527,0.5281,0.4904,1
16-20,4-6,first_innings,neutral,933,412,0.4416,0.016257,0.4097,0.4735,0.4416,1
16-20,4-6,first_innings,strong_advantage,394,201,0.5102,0.025184,0.4608,0.5596,0.5102,1
16-20,4-6,first_innings,strong_disadvantage,388,170,0.4381,0.025188,0.3887,0.4875,0.4381,1
16-20,4-6,high,moderate_advantage,80,41,0.5125,0.055884,0.403,0.622,0.5125,1
16-20,4-6,high,moderate_disadvantage,74,33,0.4459,0.057783,0.3326,0.5592,0.4459,1
16-20,4-6,high,neutral,87,62,0.7126,0.048518,0.6175,0.8077,0.7126,1
16-20,4-6,high,strong_advantage,54,33,0.6111,0.06634,0.4811,0.7411,0.6111,1
16-20,4-6,high,strong_disadvantage,50,21,0.42,0.0698,0.2832,0.5568,0.42,1
16-20,4-6,low,moderate_advantage,43,41,0.9535,0.032111,0.8906,1.0,0.9742,2
16-20,4-6,low,moderate_disadvantage,36,35,0.9722,0.0274,0.9185,1.0,0.9742,2
16-20,4-6,low,neutral,67,66,0.9851,0.014801,0.9561,1.0,0.9851,1
16-20,4-6,low,strong_advantage,23,22,0.9565,0.042533,0.8731,1.0,0.9742,2
16-20,4-6,low,strong_disadvantage,25,25,1.0,0.0,1.0,1.0,0.9742,2
16-20,4-6,neutral,moderate_advantage,35,29,0.8286,0.063701,0.7037,0.9535,0.8152,2
16-20,4-6,neutral,moderate_disadvantage,41,33,0.8049,0.061888,0.6836,0.9262,0.8152,2
16-20,4-6,neutral,neutral,55,47,0.8545,0.047545,0.7613,0.9477,0.8545,1
16-20,4-6,neutral,strong_advantage,31,27,0.871,0.060204,0.753,0.989,0.8152,2
16-20,4-6,neutral,strong_disadvantage,22,14,0.6364,0.102557,0.4354,0.8374,0.8152,2
16-20,4-6,very_high,moderate_advantage,239,48,0.2008,0.025913,0.15,0.2516,0.2008,1
16-20,4-6,very_high,moderate_disadvantage,201,12,0.0597,0.016712,0.0269,0.0925,0.0597,1
16-20,4-6,very_high,neutral,274,60,0.219,0.024985,0.17,0.268,0.219,1
16-20,4-6,very_high,strong_advantage,129,21,0.1628,0.032505,0.0991,0.2265,0.1628,1
16-20,4-6,very_high,strong_disadvantage,111,6,0.0541,0.021471,0.012,0.0962,0.0541,1
16-20,4-6,very_low,moderate_advantage,132,112,0.8485,0.031207,0.7873,0.9097,0.8485,1
16-20,4-6,very_low,moderate_disadvantage,94,69,0.734,0.045575,0.6447,0.8233,0.734,1
16-20,4-6,very_low,neutral,169,145,0.858,0.02685,0.8054,0.9106,0.858,1
16-20,4-6,very_low,strong_advantage,67,53,0.791,0.049673,0.6936,0.8884,0.791,1
16-20,4-6,very_low,strong_disadvantage,79,58,0.7342,0.049702,0.6368,0.8316,0.7342,1
16-20,7+,first_innings,moderate_advantage,222,75,0.3378,0.031743,0.2756,0.4,0.3378,1
16-20,7+,first_innings,moderate_disadvantage,256,71,0.2773,0.027979,0.2225,0.3321,0.2773,1
16-20,7+,first_innings,neutral,321,64,0.1994,0.022301,0.1557,0.2431,0.1994,1
16-20,7+,first_innings,strong_advantage,122,42,0.3443,0.043017,0.26,0.4286,0.3443,1
16-20,7+,first_innings,strong_disadvantage,137,35,0.2555,0.037262,0.1825,0.3285,0.2555,1
16-20,7+,high,moderate_advantage,9,1,0.1111,0.104752,0.0,0.3164,0.1702,3
16-20,7+,high,moderate_disadvantage,16,3,0.1875,0.097578,0.0,0.3788,0.1702,3
16-20,7+,high,neutral,10,3,0.3,0.144914,0.016,0.584,0.1702,3
16-20,7+,high,strong_advantage,7,2,0.2857,0.170744,0.0,0.6204,0.1702,3
16-20,7+,high,strong_disadvantage,6,1,0.1667,0.152157,0.0,0.4649,0.1702,3
16-20,7+,low,moderate_advantage,1,0,0.0,0.0,0.0,0.0,0.1702,3
16-20,7+,low,moderate_disadvantage,9,4,0.4444,0.165633,0.1198,0.769,0.1702,3
16-20,7+,low,neutral,6,6,1.0,0.0,1.0,1.0,0.1702,3
16-20,7+,low,strong_advantage,5,4,0.8,0.178885,0.4494,1.0,0.1702,3
16-20,7+,low,strong_disadvantage,2,2,1.0,0.0,1.0,1.0,0.1702,3
16-20,7+,neutral,moderate_advantage,3,2,0.6667,0.272159,0.1333,1.0,0.1702,3
16-20,7+,neutral,moderate_disadvantage,5,3,0.6,0.219089,0.1706,1.0,0.1702,3
16-20,7+,neutral,neutral,5,4,0.8,0.178885,0.4494,1.0,0.1702,3
16-20,7+,neutral,strong_advantage,1,1,1.0,0.0,1.0,1.0,0.1702,3
16-20,7+,neutral,strong_disadvantage,1,0,0.0,0.0,0.0,0.0,0.1702,3
16-20,7+,very_high,moderate_advantage,190,0,0.0,0.0,0.0,0.0,0.0,1
16-20,7+,very_high,moderate_disadvantage,205,9,0.0439,0.014309,0.0159,0.0719,0.0439,1
16-20,7+,very_high,neutral,258,9,0.0349,0.011426,0.0125,0.0573,0.0349,1
16-20,7+,very_high,strong_advantage,72,0,0.0,0.0,0.0,0.0,0.0,1
16-20,7+,very_high,strong_disadvantage,119,0,0.0,0.0,0.0,0.0,0.0,1
16-20,7+,very_low,moderate_advantage,84,8,0.0952,0.032022,0.0324,0.158,0.0952,1
16-20,7+,very_low,moderate_disadvantage,82,15,0.1829,0.042691,0.0992,0.2666,0.1829,1
16-20,7+,very_low,neutral,97,18,0.1856,0.039475,0.1082,0.263,0.1856,1
16-20,7+,very_low,strong_advantage,36,9,0.25,0.072169,0.1085,0.3915,0.1622,2
16-20,7+,very_low,strong_disadvantage,40,5,0.125,0.052291,0.0225,0.2275,0.1622,2
4-6,0-1,first_innings,moderate_advantage,507,300,0.5917,0.021829,0.5489,0.6345,0.5917,1
4-6,0-1,first_innings,moderate_disadvantage,516,261,0.5058,0.02201,0.4627,0.5489,0.5058,1
4-6,0-1,first_innings,neutral,686,330,0.481,0.019076,0.4436,0.5184,0.481,1
4-6,0-1,first_innings,strong_advantage,339,185,0.5457,0.027043,0.4927,0.5987,0.5457,1
4-6,0-1,first_innings,strong_disadvantage,292,127,0.4349,0.029011,0.378,0.4918,0.4349,1
4-6,0-1,high,moderate_advantage,160,88,0.55,0.03933,0.4729,0.6271,0.55,1
4-6,0-1,high,moderate_disadvantage,134,59,0.4403,0.042884,0.3562,0.5244,0.4403,1
4-6,0-1,high,neutral,164,84,0.5122,0.039032,0.4357,0.5887,0.5122,1
4-6,0-1,high,strong_advantage,66,36,0.5455,0.06129,0.4254,0.6656,0.5455,1
4-6,0-1,high,strong_disadvantage,77,33,0.4286,0.056396,0.3181,0.5391,0.4286,1
4-6,0-1,low,moderate_advantage,128,109,0.8516,0.031422,0.79,0.9132,0.8516,1
4-6,0-1,low,moderate_disadvantage,125,90,0.72,0.04016,0.6413,0.7987,0.72,1
4-6,0-1,low,neutral,188,156,0.8298,0.027409,0.7761,0.8835,0.8298,1
4-6,0-1,low,strong_advantage,67,50,0.7463,0.053159,0.6421,0.8505,0.7463,1
4-6,0-1,low,strong_disadvantage,65,53,0.8154,0.048122,0.7211,0.9097,0.8154,1
4-6,0-1,neutral,moderate_advantage,156,101,0.6474,0.038253,0.5724,0.7224,0.6474,1
4-6,0-1,neutral,moderate_disadvantage,134,83,0.6194,0.041944,0.5372,0.7016,0.6194,1
4-6,0-1,neutral,neutral,162,113,0.6975,0.036089,0.6268,0.7682,0.6975,1
4-6,0-1,neutral,strong_advantage,84,61,0.7262,0.048653,0.6308,0.8216,0.7262,1
4-6,0-1,neutral,strong_disadvantage,88,53,0.6023,0.052173,0.5,0.7046,0.6023,1
4-6,0-1,very_high,moderate_advantage,34,12,0.3529,0.081954,0.1923,0.5135,0.2587,2
4-6,0-1,very_high,moderate_disadvantage,33,8,0.2424,0.074598,0.0962,0.3886,0.2587,2
4-6,0-1,very_high,neutral,44,12,0.2727,0.067139,0.1411,0.4043,0.2587,2
4-6,0-1,very_high,strong_advantage,21,2,0.0952,0.064045,0.0,0.2207,0.2587,2
4-6,0-1,very_high,strong_disadvantage,11,3,0.2727,0.134277,0.0095,0.5359,0.2587,2
4-6,0-1,very_low,moderate_advantage,50,47,0.94,0.033586,0.8742,1.0,0.94,1
4-6,0-1,very_low,moderate_disadvantage,32,27,0.8438,0.064178,0.718,0.9696,0.9286,2
4-6,0-1,very_low,neutral,63,58,0.9206,0.034062,0.8538,0.9874,0.9206,1
4-6,0-1,very_low,strong_advantage,43,42,0.9767,0.023005,0.9316,1.0,0.9286,2
4-6,0-1,very_low,strong_disadvantage,36,34,0.9444,0.038191,0.8695,1.0,0.9286,2
4-6,2-3,first_innings,moderate_advantage,214,73,0.3411,0.032407,0.2776,0.4046,0.3411,1
4-6,2-3,first_innings,moderate_disadvantage,229,89,0.3886,0.03221,0.3255,0.4517,0.3886,1
4-6,2-3,first_innings,neutral,286,91,0.3182,0.027542,0.2642,0.3722,0.3182,1
4-6,2-3,first_innings,strong_advantage,100,41,0.41,0.049183,0.3136,0.5064,0.41,1
4-6,2-3,first_innings,strong_disadvantage,121,47,0.3884,0.044308,0.3016,0.4752,0.3884,1
4-6,2-3,high,moderate_advantage,70,12,0.1714,0.045043,0.0831,0.2597,0.1714,1
4-6,2-3,high,moderate_disadvantage,88,29,0.3295,0.050106,0.2313,0.4277,0.3295,1
4-6,2-3,high,neutral,143,45,0.3147,0.038835,0.2386,0.3908,0.3147,1
4-6,2-3,high,strong_advantage,55,18,0.3273,0.063271,0.2033,0.4513,0.3273,1
4-6,2-3,high,strong_disadvantage,61,8,0.1311,0.043214,0.0464,0.2158,0.1311,1
4-6,2-3,low,moderate_advantage,26,19,0.7308,0.086986,0.5603,0.9013,0.6643,2
4-6,2-3,low,moderate_disadvantage,39,21,0.5385,0.079826,0.382,0.695,0.6643,2
4-6,2-3,low,neutral,45,34,0.7556,0.06406,0.63,0.8812,0.6643,2
4-6,2-3,low,strong_advantage,13,8,0.6154,0.134931,0.3509,0.8799,0.6643,2
4-6,2-3,low,strong_disadvantage,17,11,0.6471,0.115901,0.4199,0.8743,0.6643,2
4-6,2-3,neutral,moderate_advantage,38,11,0.2895,0.073572,0.1453,0.4337,0.4865,2
4-6,2-3,neutral,moderate_disadvantage,54,25,0.463,0.067855,0.33,0.596,0.463,1
4-6,2-3,neutral,neutral,67,39,0.5821,0.060256,0.464,0.7002,0.5821,1
4-6,2-3,neutral,strong_advantage,30,17,0.5667,0.090471,0.3894,0.744,0.4865,2
4-6,2-3,neutral,strong_disadvantage,33,16,0.4848,0.086999,0.3143,0.6553,0.4865,2
4-6,2-3,very_high,moderate_advantage,86,12,0.1395,0.037361,0.0663,0.2127,0.1395,1
4-6,2-3,very_high,moderate_disadvantage,67,11,0.1642,0.045259,0.0755,0.2529,0.1642,1
4-6,2-3,very_high,neutral,79,16,0.2025,0.045213,0.1139,0.2911,0.2025,1
4-6,2-3,very_high,strong_advantage,33,6,0.1818,0.067138,0.0502,0.3134,0.1556,2
4-6,2-3,very_high,strong_disadvantage,37,2,0.0541,0.03719,0.0,0.127,0.1556,2
4-6,2-3,very_low,moderate_advantage,3,0,0.0,0.0,0.0,0.0,0.3526,3
4-6,2-3,very_low,moderate_disadvantage,5,5,1.0,0.0,1.0,1.0,0.3526,3
4-6,2-3,very_low,neutral,14,14,1.0,0.0,1.0,1.0,0.3526,3
4-6,2-3,very_low,strong_advantage,3,1,0.3333,0.272159,0.0,0.8667,0.3526,3
4-6,2-3,very_low,strong_disadvantage,6,6,1.0,0.0,1.0,1.0,0.3526,3
4-6,4-6,first_innings,moderate_advantage,14,2,0.1429,0.093534,0.0,0.3262,0.1585,2
4-6,4-6,first_innings,moderate_disadvantage,23,4,0.1739,0.079032,0.019,0.3288,0.1585,2
4-6,4-6,first_innings,neutral,27,2,0.0741,0.050409,0.0,0.1729,0.1585,2
4-6,4-6,first_innings,strong_advantage,11,2,0.1818,0.116287,0.0,0.4097,0.1585,2
4-6,4-6,first_innings,strong_disadvantage,7,3,0.4286,0.187045,0.062,0.7952,0.1585,2
4-6,4-6,high,moderate_advantage,10,0,0.0,0.0,0.0,0.0,0.1582,3
4-6,4-6,high,moderate_disadvantage,3,0,0.0,0.0,0.0,0.0,0.1582,3
4-6,4-6,high,neutral,11,4,0.3636,0.145038,0.0793,0.6479,0.1582,3
4-6,4-6,high,strong_advantage,3,1,0.3333,0.272159,0.0,0.8667,0.1582,3
4-6,4-6,high,strong_disadvantage,6,0,0.0,0.0,0.0,0.0,0.1582,3
4-6,4-6,low,moderate_disadvantage,2,2,1.0,0.0,1.0,1.0,0.1582,3
4-6,4-6,low,neutral,1,0,0.0,0.0,0.0,0.0,0.1582,3
4-6,4-6,low,strong_disadvantage,2,2,1.0,0.0,1.0,1.0,0.1582,3
4-6,4-6,neutral,moderate_advantage,1,0,0.0,0.0,0.0,0.0,0.1582,3
4-6,4-6,neutral,moderate_disadvantage,3,0,0.0,0.0,0.0,0.0,0.1582,3
4-6,4-6,neutral,neutral,9,1,0.1111,0.104752,0.0,0.3164,0.1582,3
4-6,4-6,neutral,strong_disadvantage,2,0,0.0,0.0,0.0,0.0,0.1582,3
4-6,4-6,very_high,moderate_advantage,6,3,0.5,0.204124,0.0999,0.9001,0.1582,3
4-6,4-6,very_high,moderate_disadvantage,16,0,0.0,0.0,0.0,0.0,0.1582,3
4-6,4-6,very_high,neutral,9,0,0.0,0.0,0.0,0.0,0.1582,3
4-6,4-6,very_high,strong_advantage,2,1,0.5,0.353553,0.0,1.0,0.1582,3
4-6,4-6,very_high,strong_disadvantage,8,0,0.0,0.0,0.0,0.0,0.1582,3
4-6,4-6,very_low,strong_disadvantage,1,1,1.0,0.0,1.0,1.0,0.1582,3
7-10,0-1,first_innings,moderate_advantage,395,249,0.6304,0.024287,0.5828,0.678,0.6304,1
7-10,0-1,first_innings,moderate_disadvantage,391,213,0.5448,0.025184,0.4954,0.5942,0.5448,1
7-10,0-1,first_innings,neutral,508,283,0.5571,0.022039,0.5139,0.6003,0.5571,1
7-10,0-1,first_innings,strong_advantage,301,184,0.6113,0.028096,0.5562,0.6664,0.6113,1
7-10,0-1,first_innings,strong_disadvantage,226,105,0.4646,0.033176,0.3996,0.5296,0.4646,1
7-10,0-1,high,moderate_advantage,95,69,0.7263,0.045744,0.6366,0.816,0.7263,1
7-10,0-1,high,moderate_disadvantage,107,57,0.5327,0.048233,0.4382,0.6272,0.5327,1
7-10,0-1,high,neutral,125,70,0.56,0.044398,0.473,0.647,0.56,1
7-10,0-1,high,strong_advantage,39,18,0.4615,0.079826,0.305,0.618,0.5981,2
7-10,0-1,high,strong_disadvantage,57,39,0.6842,0.061569,0.5635,0.8049,0.6842,1
7-10,0-1,low,moderate_advantage,106,91,0.8585,0.033853,0.7921,0.9249,0.8585,1
7-10,0-1,low,moderate_disadvantage,84,68,0.8095,0.042847,0.7255,0.8935,0.8095,1
7-10,0-1,low,neutral,169,150,0.8876,0.024297,0.84,0.9352,0.8876,1
7-10,0-1,low,strong_advantage,68,61,0.8971,0.036845,0.8249,0.9693,0.8971,1
7-10,0-1,low,strong_disadvantage,59,55,0.9322,0.03273,0.868,0.9964,0.9322,1
7-10,0-1,neutral,moderate_advantage,140,109,0.7786,0.03509,0.7098,0.8474,0.7786,1
7-10,0-1,neutral,moderate_disadvantage,135,99,0.7333,0.038061,0.6587,0.8079,0.7333,1
7-10,0-1,neutral,neutral,86,57,0.6628,0.050978,0.5629,0.7627,0.6628,1
7-10,0-1,neutral,strong_advantage,96,71,0.7396,0.04479,0.6518,0.8274,0.7396,1
7-10,0-1,neutral,strong_disadvantage,60,41,0.6833,0.060056,0.5656,0.801,0.6833,1
7-10,0-1,very_high,moderate_advantage,19,9,0.4737,0.114549,0.2492,0.6982,0.2706,2
7-10,0-1,very_high,moderate_disadvantage,27,7,0.2593,0.084341,0.094,0.4246,0.2706,2
7-10,0-1,very_high,neutral,26,3,0.1154,0.06266,0.0,0.2382,0.2706,2
7-10,0-1,very_high,strong_advantage,4,1,0.25,0.216506,0.0,0.6744,0.2706,2
7-10,0-1,very_high,strong_disadvantage,9,3,0.3333,0.157131,0.0253,0.6413,0.2706,2
7-10,0-1,very_low,moderate_advantage,47,47,1.0,0.0,1.0,1.0,0.9948,2
7-10,0-1,very_low,moderate_disadvantage,26,26,1.0,0.0,1.0,1.0,0.9948,2
7-10,0-1,very_low,neutral,61,60,0.9836,0.016262,0.9517,1.0,0.9836,1
7-10,0-1,very_low,strong_advantage,31,31,1.0,0.0,1.0,1.0,0.9948,2
7-10,0-1,very_low,strong_disadvantage,27,27,1.0,0.0,1.0,1.0,0.9948,2
7-10,2-3,first_innings,moderate_advantage,472,223,0.4725,0.02298,0.4275,0.5175,0.4725,1
7-10,2-3,first_innings,moderate_disadvantage,512,235,0.459,0.022023,0.4158,0.5022,0.459,1
7-10,2-3,first_innings,neutral,645,257,0.3984,0.019277,0.3606,0.4362,0.3984,1
7-10,2-3,first_innings,strong_advantage,256,109,0.4258,0.030904,0.3652,0.4864,0.4258,1
7-10,2-3,first_innings,strong_disadvantage,274,114,0.4161,0.029778,0.3577,0.4745,0.4161,1
7-10,2-3,high,moderate_advantage,225,73,0.3244,0.03121,0.2632,0.3856,0.3244,1
7-10,2-3,high,moderate_disadvantage,176,71,0.4034,0.036979,0.3309,0.4759,0.4034,1
7-10,2-3,high,neutral,257,129,0.5019,0.031189,0.4408,0.563,0.5019,1
7-10,2-3,high,strong_advantage,103,42,0.4078,0.048422,0.3129,0.5027,0.4078,1
7-10,2-3,high,strong_disadvantage,103,25,0.2427,0.042243,0.1599,0.3255,0.2427,1
7-10,2-3,low,moderate_advantage,70,54,0.7714,0.050191,0.673,0.8698,0.7714,1
7-10,2-3,low,moderate_disadvantage,62,48,0.7742,0.0531,0.6701,0.8783,0.7742,1
7-10,2-3,low,neutral,124,109,0.879,0.029287,0.8216,0.9364,0.879,1
7-10,2-3,low,strong_advantage,27,27,1.0,0.0,1.0,1.0,0.8428,2
7-10,2-3,low,strong_disadvantage,35,30,0.8571,0.059156,0.7412,0.973,0.8428,2
7-10,2-3,neutral,moderate_advantage,87,47,0.5402,0.053432,0.4355,0.6449,0.5402,1
7-10,2-3,neutral,moderate_disadvantage,114,54,0.4737,0.046764,0.382,0.5654,0.4737,1
7-10,2-3,neutral,neutral,143,97,0.6783,0.039063,0.6017,0.7549,0.6783,1
7-10,2-3,neutral,strong_advantage,58,40,0.6897,0.060745,0.5706,0.8088,0.6897,1
7-10,2-3,neutral,strong_disadvantage,71,39,0.5493,0.05905,0.4336,0.665,0.5493,1
7-10,2-3,very_high,moderate_advantage,91,16,0.1758,0.039903,0.0976,0.254,0.1758,1
7-10,2-3,very_high,moderate_disadvantage,90,11,0.1222,0.034523,0.0545,0.1899,0.1222,1
7-10,2-3,very_high,neutral,113,20,0.177,0.035904,0.1066,0.2474,0.177,1
7-10,2-3,very_high,strong_advantage,56,3,0.0536,0.030097,0.0,0.1126,0.0536,1
7-10,2-3,very_high,strong_disadvantage,62,3,0.0484,0.027255,0.0,0.1018,0.0484,1
7-10,2-3,very_low,moderate_advantage,25,22,0.88,0.064992,0.7526,1.0,0.94,2
7-10,2-3,very_low,moderate_disadvantage,13,13,1.0,0.0,1.0,1.0,0.94,2
7-10,2-3,very_low,neutral,26,26,1.0,0.0,1.0,1.0,0.94,2
7-10,2-3,very_low,strong_advantage,19,16,0.8421,0.083656,0.6781,1.0,0.94,2
7-10,2-3,very_low,strong_disadvantage,17,17,1.0,0.0,1.0,1.0,0.94,2
7-10,4-6,first_innings,moderate_advantage,110,28,0.2545,0.041531,0.1731,0.3359,0.2545,1
7-10,4-6,first_innings,moderate_disadvantage,119,24,0.2017,0.036784,0.1296,0.2738,0.2017,1
7-10,4-6,first_innings,neutral,179,24,0.1341,0.02547,0.0842,0.184,0.1341,1
7-10,4-6,first_innings,strong_advantage,43,11,0.2558,0.066537,0.1254,0.3862,0.2012,2
7-10,4-6,first_innings,strong_disadvantage,56,15,0.2679,0.05918,0.1519,0.3839,0.2679,1
7-10,4-6,high,moderate_advantage,43,5,0.1163,0.048889,0.0205,0.2121,0.2176,2
7-10,4-6,high,moderate_disadvantage,48,4,0.0833,0.039886,0.0051,0.1615,0.2176,2
7-10,4-6,high,neutral,60,23,0.3833,0.062767,0.2603,0.5063,0.3833,1
7-10,4-6,high,strong_advantage,28,7,0.25,0.081832,0.0896,0.4104,0.2176,2
7-10,4-6,high,strong_disadvantage,37,8,0.2162,0.067675,0.0836,0.3488,0.2176,2
7-10,4-6,low,moderate_advantage,2,0,0.0,0.0,0.0,0.0,0.1893,3
7-10,4-6,low,moderate_disadvantage,6,6,1.0,0.0,1.0,1.0,0.1893,3
7-10,4-6,low,neutral,5,2,0.4,0.219089,0.0,0.8294,0.1893,3
7-10,4-6,low,strong_advantage,2,1,0.5,0.353553,0.0,1.0,0.1893,3
7-10,4-6,low,strong_disadvantage,3,3,1.0,0.0,1.0,1.0,0.1893,3
7-10,4-6,neutral,moderate_advantage,9,5,0.5556,0.165633,0.231,0.8802,0.1893,3
7-10,4-6,neutral,moderate_disadvantage,11,2,0.1818,0.116287,0.0,0.4097,0.1893,3
7-10,4-6,neutral,neutral,24,7,0.2917,0.092784,0.1098,0.4736,0.1893,3
7-10,4-6,neutral,strong_advantage,1,1,1.0,0.0,1.0,1.0,0.1893,3
7-10,4-6,neutral,strong_disadvantage,4,1,0.25,0.216506,0.0,0.6744,0.1893,3
7-10,4-6,very_high,moderate_advantage,60,4,0.0667,0.032211,0.0036,0.1298,0.0667,1
7-10,4-6,very_high,moderate_disadvantage,69,7,0.1014,0.036339,0.0302,0.1726,0.1014,1
7-10,4-6,very_high,neutral,95,6,0.0632,0.024964,0.0143,0.1121,0.0632,1
7-10,4-6,very_high,strong_advantage,23,4,0.1739,0.079032,0.019,0.3288,0.0746,2
7-10,4-6,very_high,strong_disadvantage,48,1,0.0208,0.020599,0.0,0.0612,0.0746,2
7-10,4-6,very_low,moderate_advantage,4,1,0.25,0.216506,0.0,0.6744,0.1893,3
7-10,4-6,very_low,moderate_disadvantage,5,5,1.0,0.0,1.0,1.0,0.1893,3
7-10,4-6,very_low,strong_advantage,2,0,0.0,0.0,0.0,0.0,0.1893,3
7-10,4-6,very_low,strong_disadvantage,3,3,1.0,0.0,1.0,1.0,0.1893,3
7-10,7+,first_innings,moderate_advantage,3,0,0.0,0.0,0.0,0.0,0.4993,4
7-10,7+,first_innings,moderate_disadvantage,2,0,0.0,0.0,0.0,0.0,0.4993,4
7-10,7+,first_innings,strong_disadvantage,2,0,0.0,0.0,0.0,0.0,0.4993,4
7-10,7+,high,moderate_disadvantage,3,0,0.0,0.0,0.0,0.0,0.4993,4
7-10,7+,high,neutral,1,0,0.0,0.0,0.0,0.0,0.4993,4
7-10,7+,very_high,moderate_advantage,1,0,0.0,0.0,0.0,0.0,0.4993,4
7-10,7+,very_high,moderate_disadvantage,2,0,0.0,0.0,0.0,0.0,0.4993,4
7-10,7+,very_high,neutral,8,0,0.0,0.0,0.0,0.0,0.4993,4
7-10,7+,very_high,strong_disadvantage,4,0,0.0,0.0,0.0,0.0,0.4993,4
